source,target,type,weight,topics
History Media-HD,History Channel,topic,1,history
History Media-HD,Việt Sử Toàn Thư,topic,4,"technology,music,history,entertainment"
History Media-HD,HỒ SƠ QUYỀN LỰC,topic,4,"technology,music,history,entertainment"
History Channel,Việt Sử Toàn Thư,topic,1,history
History Channel,HỒ SƠ QUYỀN LỰC,topic,1,history
Việt Sử Toàn Thư,HoiIRb8rt6s,mention,1,
Việt Sử Toàn Thư,4LzCKdZOSc4,mention,1,
Việt Sử Toàn Thư,bSocQ7md1xo,mention,1,
Việt Sử Toàn Thư,cIz_OP8I8Mw,mention,1,
Việt Sử Toàn Thư,HỒ SƠ QUYỀN LỰC,topic,6,"music,entertainment,technology,history,education,news"
HỒ SƠ QUYỀN LỰC,@h,mention,1,
HỒ SƠ QUYỀN LỰC,@hosoquyenluc4,mention,1,
HỒ SƠ QUYỀN LỰC,@hosoquyenluc400,mention,1,
